{"Ram": [{"msg": "hello"}, {"msg": "hi there"}, {"rply": "hello"}, {"rply": "how are you ?"}, {"msg": "I am fine.."}, {"rply": "Good"}, {"rply": "hello Ram how are you ???"}, {"msg": "hi"}, {"msg": "hi"}], "Shyam": [{"msg": "hey"}, {"rply": "hello"}, {"msg": "how are you ?"}, {"rply": "I am good.."}, {"rply": "How about you ?"}, {"msg": "Good"}, {"msg": "hello server...."}, {"rply": "hello shyam"}], "Ravi": [{"msg": "hi"}, {"rply": "hello"}, {"msg": "hey"}], "Sam": [{"msg": "hey, i am client"}, {"rply": "hey there"}, {"msg": "how are you ?"}, {"rply": "good"}], "Ran": [{"msg": "hi"}, {"rply": "hello"}], "Tom": [{"msg": "hello"}]}